Workbook

Sheet 00_Assignment_Checklist
A1: SauceDemo Manual Testing Project - Assignment Checklist
A2: No. | B2: Mandatory Deliverable / Point | C2: What Must Be Included | D2: Status | E2: Notes
A3: 1 | B3: Test Plan | C3: Version/date, overview, objectives, scope, approach/types, environment/browsers, test data, roles, entry/exit criteria, risks, deliverables, schedule, sign-off. | D3: Not Started
A4: 2 | B4: Test Scenarios | C4: At least 15 meaningful scenarios; this workbook provides 25. | D4: Not Started
A5: 3 | B5: Detailed Test Cases | C5: At least 40 detailed executable cases; this workbook provides 50. | D5: Not Started
A6: 4 | B6: Positive / Negative / Boundary | C6: Coverage must include positive, negative and edge/boundary tests. | D6: Not Started
A7: 5 | B7: End-to-End Flow | C7: Login -> select product(s) -> cart -> checkout -> overview -> finish order. | D7: Not Started
A8: 6 | B8: Test Data | C8: Valid, invalid, blank, boundary data for login, checkout and product selection. | D8: Not Started
A9: 7 | B9: Test Execution | C9: Execute all final cases unless genuinely blocked; record Actual Result, Status, execution date and defect reference. | D9: Not Started
A10: 8 | B10: Defect Report / Jira | C10: Log every genuine defect with reproducible details and readable evidence. | D10: Not Started
A11: 9 | B11: Execution Report | C11: Execution information, summary, pass %, module summary, defect summary, failed/blocked tests, risks, conclusion. | D11: Not Started
A12: 10 | B12: RTM | C12: Requirement -> scenario -> test case -> execution -> defect -> coverage -> remarks. | D12: Not Started
A13: 11 | B13: Jira Evidence | C13: Jira tracking/defect evidence, useful filter/view, screenshots/exports. | D13: Not Started
A14: 12 | B14: GitHub Repository | C14: README and folders 01-Test-Plan through 09-Test-Evidence. | D14: Not Started
... A18: 16 | B18: Mock / Review | C18: Complete project, Jira records and GitHub ready; report at 3:30 PM on 6 September 2026. | D18: Not Started

Sheet 01_Test_Plan
A1: SauceDemo Test Plan
A2: Section | B2: Content
A3: Document Version | B3: 1.0
A4: Document Date | B4: 4 September 2026
A5: Project | B5: SauceDemo / Swag Labs - End-to-End Manual QA Project
A6: Application URL | B6: https://www.saucedemo.com/
A7: Project Type | B7: Manual Functional Testing Project
A8: Objective | B8: Plan, design, execute and document manual functional testing for the in-scope SauceDemo modules and demonstrate standard QA practices.
A9: Test Objectives | B9: Validate authentication, inventory/product behavior, cart, checkout, order completion, menu/navigation and basic UI/usability observations.
A10: In Scope | B10: Login/authentication; Products/Inventory; Shopping Cart; Checkout - Customer Information; Checkout - Overview; Order Completion; Menu/Navigation; UI/Usability.
A11: Out of Scope | B11: Anything not listed in the assignment scope; no unsupported requirements should be invented.
A12: Test Approach | B12: Requirement-based manual functional testing using positive, negative, boundary/edge and usability scenarios, followed by traceability and defect management.
A13: Test Types | B13: Functional, positive, negative, boundary/edge, usability, navigation/session behavior, end-to-end workflow.
... A24: Approval / Sign-off | B24: Tester: ____________________ Trainer/Reviewer: ____________________ Date: ____________________

Sheet 02_Requirements
A1: Feature / Requirement Catalogue
A2: Requirement ID | B2: Module | C2: Requirement Description
A3: FR_LOGIN_01 | B3: Login | C3: Valid user can log in successfully.
A4: FR_LOGIN_02 | B4: Login | C4: Invalid credentials produce appropriate error handling.
A5: FR_LOGIN_03 | B5: Login | C5: Locked user is prevented from logging in.
A6: FR_LOGIN_04 | B6: Login | C6: Blank username/password fields are validated.
A7: FR_LOGIN_05 | B7: Login | C7: Logout and session behavior work correctly.
A8: FR_INV_01 | B8: Inventory | C8: Product listing is displayed.
A9: FR_INV_02 | B9: Inventory | C9: Product information, price and image are displayed.
A10: FR_INV_03 | B10: Inventory | C10: Product sorting works correctly.
A11: FR_INV_04 | B11: Inventory | C11: Product-detail navigation works.
A12: FR_CART_01 | B12: Cart | C12: User can add a product to cart.
A13: FR_CART_02 | B13: Cart | C13: User can remove a product from cart.
... A27: FR_UI_01 | B27: UI/Usability | C27: Basic layout, labels, messages and navigation are consistent.

Sheet 03_Test_Scenarios
A1: SauceDemo Test Scenarios - 25 Scenarios
A2: Scenario ID | B2: Module | C2: Test Scenario | D2: Test Type | E2: Priority | F2: Requirement ID
A3: SC_LOGIN_001 | B3: Login | C3: Login with valid credentials. | D3: Positive | E3: High | F3: FR_LOGIN_01
A4: SC_LOGIN_002 | B4: Login | C4: Login with invalid username and valid password. | D4: Negative | E4: High | F4: FR_LOGIN_02
A5: SC_LOGIN_003 | B5: Login | C5: Login with valid username and invalid password. | D5: Negative | E5: High | F5: FR_LOGIN_02
A6: SC_LOGIN_004 | B6: Login | C6: Login with both username and password blank. | D6: Negative | E6: High | F6: FR_LOGIN_04
A7: SC_LOGIN_005 | B7: Login | C7: Login with locked user credentials. | D7: Negative | E7: High | F7: FR_LOGIN_03
A8: SC_LOGIN_006 | B8: Login | C8: Logout after successful login and verify return to login state. | D8: Positive | E8: High | F8: FR_LOGIN_05
A9: SC_INV_001 | B9: Inventory | C9: Verify inventory/product listing is displayed after login. | D9: Positive | E9: High | F9: FR_INV_01
A10: SC_INV_002 | B10: Inventory | C10: Verify product name, description, price and image information. | D10: Positive | E10: Medium | F10: FR_INV_02
A11: SC_INV_003 | B11: Inventory | C11: Verify product sorting options change displayed order correctly. | D11: Positive | E11: Medium | F11: FR_INV_03
A12: SC_INV_004 | B12: Inventory | C12: Open a product from inventory and verify product-detail navigation. | D12: Positive | E12: Medium | F12: FR_INV_04
A13: SC_CART_001 | B13: Cart | C13: Add one product and verify cart badge/count. | D13: Positive | E13: High | F13: FR_CART_01
... A27: SC_NAV_001 | B27: Navigation | C27: Verify menu open/close, All Items, Reset App State and Logout behavior. | D27: Positive | E27: Medium | F27: FR_NAV_01

Sheet 04_Test_Data
A1: SauceDemo Reusable Test Data
A2: Data ID | B2: Category | C2: Data Type | D2: Value / Example | E2: Purpose / Expected Use
A3: TD_LOGIN_001 | B3: Login | C3: Valid user | D3: Use a valid SauceDemo test username/password from the application documentation/training data. | E3: Positive login.
A4: TD_LOGIN_002 | B4: Login | C4: Locked user | D4: Use the locked-user credential supplied by SauceDemo/trainer. | E4: Verify locked-user handling.
A5: TD_LOGIN_003 | B5: Login | C5: Invalid username | D5: invalid_user | E5: Negative authentication.
A6: TD_LOGIN_004 | B6: Login | C6: Invalid password | D6: invalid_password | E6: Negative authentication.
A7: TD_LOGIN_005 | B7: Login | C7: Blank username | D7: <blank> | E7: Mandatory-field validation.
A8: TD_LOGIN_006 | B8: Login | C8: Blank password | D8: <blank> | E8: Mandatory-field validation.
A9: TD_LOGIN_007 | B9: Login | C9: Both blank | D9: <blank> / <blank> | E9: Mandatory-field validation.
A10: TD_CHECK_001 | B10: Checkout | C10: Valid first name | D10: Test | E10: Valid checkout data.
A11: TD_CHECK_002 | B11: Checkout | C11: Valid last name | D11: User | E11: Valid checkout data.
A12: TD_CHECK_003 | B12: Checkout | C12: Valid postal code | D12: 400001 | E12: Valid checkout data; replace with another fictional value if needed.
A13: TD_CHECK_004 | B13: Checkout | C13: Blank first name | D13: <blank> | E13: Mandatory-field validation.
... A22: TD_PRODUCT_003 | B22: Product | C22: Product combination | D22: Low-price + high-price item | E22: Subtotal/tax/total validation.

Sheet 05_Test_Cases
A1: SauceDemo Detailed Test Cases - 57 Cases
A2: Test Case ID | B2: Feature/Requirement ID | C2: Scenario ID | D2: Module | E2: Test Case Title/Description | F2: Preconditions | G2: Test Steps | H2: Test Data | I2: Expected Result | J2: Actual Result | K2: Priority | L2: Status | M2: Defect/Jira ID | N2: Executed By | O2: Execution Date
A3: TC_LOGIN_001 | B3: FR_LOGIN_01 | C3: SC_LOGIN_001 | D3: Login | E3: Login using valid credentials | F3: SauceDemo login page is accessible. | G3: 1. Open SauceDemo. 2. Enter valid username. 3. Enter valid password. 4. Click Login. | H3: TD_LOGIN_001 | I3: User is authenticated and inventory page is displayed. | J3: Valid credentials were accepted and the Products/inventory page was displayed. | K3: High | L3: Not Executed | N3: Vinit Hadse | O3: 04-Sep-2026
A4: TC_LOGIN_002 | B4: FR_LOGIN_02 | C4: SC_LOGIN_002 | D4: Login | E4: Invalid username with valid password | F4: Login page is accessible. | G4: 1. Enter invalid username. 2. Enter valid password. 3. Click Login. | H4: TD_LOGIN_003 + valid password | I4: Login is rejected and an appropriate error message is displayed. | J4: Login was rejected and the username/password mismatch error was displayed. | K4: High | L4: Not Executed | N4: Vinit Hadse | O4: 04-Sep-2026
A5: TC_LOGIN_003 | B5: FR_LOGIN_02 | C5: SC_LOGIN_003 | D5: Login | E5: Valid username with invalid password | F5: Login page is accessible. | G5: 1. Enter valid username. 2. Enter invalid password. 3. Click Login. | H5: Valid username + TD_LOGIN_004 | I5: Login is rejected and an appropriate error message is displayed. | J5: Login was rejected and the username/password mismatch error was displayed. | K5: High | L5: Not Executed | N5: Vinit Hadse | O5: 04-Sep-2026
A6: TC_LOGIN_004 | B6: FR_LOGIN_04 | C6: SC_LOGIN_004 | D6: Login | E6: Both username and password blank | F6: Login page is accessible. | G6: 1. Leave username blank. 2. Leave password blank. 3. Click Login. | H6: TD_LOGIN_007 | I6: Mandatory validation/error message is displayed and user remains on login page. | J6: Required-field validation was displayed and the user remained on the current form. | K6: High | L6: Not Executed | N6: Vinit Hadse | O6: 04-Sep-2026
A7: TC_LOGIN_005 | B7: FR_LOGIN_04 | C7: SC_LOGIN_004 | D7: Login | E7: Username blank and password populated | F7: Login page is accessible. | G7: 1. Leave username blank. 2. Enter password. 3. Click Login. | H7: Blank username + valid password | I7: Username validation/error is displayed. | J7: Username required validation was displayed; login/continue did not proceed. | K7: High | L7: Not Executed | N7: Vinit Hadse | O7: 04-Sep-2026
A8: TC_LOGIN_006 | B8: FR_LOGIN_04 | C8: SC_LOGIN_004 | D8: Login | E8: Password blank and username populated | F8: Login page is accessible. | G8: 1. Enter username. 2. Leave password blank. 3. Click Login. | H8: Valid username + blank password | I8: Password validation/error is displayed. | J8: Password required validation was displayed; login did not proceed. | K8: High | L8: Not Executed | N8: Vinit Hadse | O8: 04-Sep-2026
A9: TC_LOGIN_007 | B9: FR_LOGIN_03 | C9: SC_LOGIN_005 | D9: Login | E9: Locked user login attempt | F9: Login page is accessible. | G9: 1. Enter locked-user username. 2. Enter corresponding password. 3. Click Login. | H9: TD_LOGIN_002 | I9: User cannot log in and locked-user error handling is displayed. | J9: Login was blocked and the locked-user error message was displayed. | K9: High | L9: Not Executed | N9: Vinit Hadse | O9: 04-Sep-2026
A10: TC_LOGIN_008 | B10: FR_LOGIN_02 | C10: SC_LOGIN_002 | D10: Login | E10: Username with leading/trailing spaces | F10: Login page is accessible. | G10: 1. Enter a valid username with spaces around it. 2. Enter valid password. 3. Click Login. | H10: Valid username padded with spaces | I10: Application handles whitespace consistently according to its implemented behavior; record actual result. | J10: The padded username was not accepted as the valid username; login was rejected. | K10: High | L10: Not Executed | N10: Vinit Hadse | O10: 04-Sep-2026
A11: TC_LOGIN_009 | B11: FR_LOGIN_05 | C11: SC_LOGIN_006 | D11: Login | E11: Logout after successful login | F11: User is logged in. | G11: 1. Open menu. 2. Click Logout. | H11: Valid login | I11: User is logged out and returned to login page. | J11: Logout returned the user to the login page. | K11: High | L11: Not Executed | N11: Vinit Hadse | O11: 04-Sep-2026
A12: TC_LOGIN_010 | B12: FR_LOGIN_05 | C12: SC_LOGIN_006 | D12: Login | E12: Browser back/session behavior after logout | F12: User has logged out. | G12: 1. Click browser Back. 2. Observe page/session state. | H12: Valid login | I12: Logged-out user should not regain an authenticated shopping session through browser navigation. | J12: Logout returned the user to the login page. | K12: High | L12: Not Executed | N12: Vinit Hadse | O12: 04-Sep-2026
A13: TC_INV_001 | B13: FR_INV_01 | C13: SC_INV_001 | D13: Inventory | E13: Inventory page displays products | F13: Valid user is logged in. | G13: 1. Login with valid credentials. 2. Observe inventory page. | H13: TD_LOGIN_001 | I13: Product listing is displayed without obvious missing core elements. | J13: Inventory page loaded and the product listing was displayed. | K13: High | L13: Not Executed | N13: Vinit Hadse | O13: 04-Sep-2026
A14: TC_INV_002 | B14: FR_INV_02 | C14: SC_INV_002 | D14: Inventory | E14: Product cards show name, description, price and image | F14: Inventory page is displayed. | G14: 1. Inspect multiple product cards. | H14: Available inventory products | I14: Each product card displays expected information and an image. | J14: Product cards displayed product name, description, price and image. | K14: High | L14: Not Executed | N14: Vinit Hadse | O14: 04-Sep-2026
... A59: TC_UI_002 | B59: FR_UI_01 | C59: SC_INV_002 | D59: UI/Usability | E59: Verify layout remains usable during end-to-end flow | F59: Valid test data available. | G59: 1. Execute the purchase flow. 2. Observe layout at each step. | H59: End-to-end data | I59: Core controls remain visible/usable and navigation is understandable. | J59: Core controls remained visible and usable through the purchase flow. | K59: High | L59: Not Executed | N59: Vinit Hadse | O59: 04-Sep-2026

Sheet 06_Test_Execution
A1: Test Execution Tracker - Update Only After Genuine Execution
A2: Test Case ID | B2: Module | C2: Priority | D2: Status | E2: Actual Result | F2: Defect/Jira ID | G2: Executed By | H2: Execution Date | I2: Evidence | J2: Remarks
A3: TC_LOGIN_001 | B3: Login | C3: High | D3: Not Executed
A4: TC_LOGIN_002 | B4: Login | C4: High | D4: Not Executed
A5: TC_LOGIN_003 | B5: Login | C5: High | D5: Not Executed
A6: TC_LOGIN_004 | B6: Login | C6: High | D6: Not Executed
A7: TC_LOGIN_005 | B7: Login | C7: High | D7: Not Executed
A8: TC_LOGIN_006 | B8: Login | C8: High | D8: Not Executed
A9: TC_LOGIN_007 | B9: Login | C9: High | D9: Not Executed
A10: TC_LOGIN_008 | B10: Login | C10: High | D10: Not Executed
A11: TC_LOGIN_009 | B11: Login | C11: High | D11: Not Executed
A12: TC_LOGIN_010 | B12: Login | C12: High | D12: Not Executed
A13: TC_INV_001 | B13: Inventory | C13: High | D13: Not Executed
A14: TC_INV_002 | B14: Inventory | C14: High | D14: Not Executed
... A59: TC_UI_002 | B59: UI/Usability | C59: High | D59: Not Executed

Sheet 07_Defect_Report
A1: Jira Defect Report - Genuine Defects Only
A2: Jira ID | B2: Summary | C2: Module | D2: Environment | E2: Precondition | F2: Steps to Reproduce | G2: Actual Result | H2: Expected Result | I2: Severity | J2: Priority | K2: Evidence | L2: Test Case Reference | M2: Status | N2: Root Cause / Notes | O2: Date Logged

Sheet 08_Execution_Report
A1: Final Test Execution Report
A3: Section | B3: Metric | C3: Value | D3: Notes / Calculation
A4: Execution Information | B4: Project | C4: SauceDemo / Swag Labs
A5: Execution Information | B5: Application URL | C5: https://www.saucedemo.com/
A6: Execution Information | B6: Browser | C6: Enter actual browser/version | D6: Do not claim browser coverage that was not executed.
A7: Execution Information | B7: Tester | C7: Enter tester name
A8: Execution Information | B8: Execution Date | C8: Enter actual execution date
A9: Execution Summary | B9: Total Planned | C9: 57
A10: Execution Summary | B10: Executed | C10: =COUNTIF('06_Test_Execution'!D3:D59,"<>Not Executed") -> 0 | D10: Counts statuses other than Not Executed.
A11: Execution Summary | B11: Passed | C11: =COUNTIF('06_Test_Execution'!D3:D59,"Pass") -> 0
A12: Execution Summary | B12: Failed | C12: =COUNTIF('06_Test_Execution'!D3:D59,"Fail") -> 0
A13: Execution Summary | B13: Blocked | C13: =COUNTIF('06_Test_Execution'!D3:D59,"Blocked") -> 0
A14: Execution Summary | B14: Not Executed | C14: =COUNTIF('06_Test_Execution'!D3:D59,"Not Executed") -> 57 | D14: Cases not yet executed.
A15: Execution Summary | B15: Pass Percentage | C15: =IF(C10=0,0,C11/C10) -> 0 | D15: Passed / Executed × 100; update formula basis if row layout changes.
A16: Defect Summary | B16: Total Defects | C16: =COUNTIF('07_Defect_Report'!A3:A17,"<>") -> 0 | D16: Only genuine Jira defects should be entered.
A17: Defect Summary | B17: Critical | C17: =COUNTIF('07_Defect_Report'!I3:I17,"Critical") -> 0 | D17: Only observed/logged defects.
A18: Defect Summary | B18: High | C18: =COUNTIF('07_Defect_Report'!I3:I17,"High") -> 0 | D18: Only observed/logged defects.
A19: Defect Summary | B19: Medium | C19: =COUNTIF('07_Defect_Report'!I3:I17,"Medium") -> 0 | D19: Only observed/logged defects.
A20: Defect Summary | B20: Low | C20: =COUNTIF('07_Defect_Report'!I3:I17,"Low") -> 0 | D20: Only observed/logged defects.
A21: Conclusion | B21: Overall Test Status | C21: Enter after execution | D21: State whether exit criteria were met.
A24: Module | B24: Planned Cases | C24: Passed | D24: Failed | E24: Blocked | F24: Not Executed | G24: Pass %
A25: Login | B25: =COUNTIF('06_Test_Execution'!B3:B59,"Login") -> 10 | C25: =COUNTIFS('06_Test_Execution'!B3:B59,"Login",'06_Test_Execution'!D3:D59,"Pass") -> 0 | D25: =COUNTIFS('06_Test_Execution'!B3:B59,"Login",'06_Test_Execution'!D3:D59,"Fail") -> 0 | E25: =COUNTIFS('06_Test_Execution'!B3:B59,"Login",'06_Test_Execution'!D3:D59,"Blocked") -> 0 | F25: =COUNTIFS('06_Test_Execution'!B3:B59,"Login",'06_Test_Execution'!D3:D59,"Not Executed") -> 10 | G25: =IF(C25=0,0,C25/B25) -> 0
A26: Inventory | B26: =COUNTIF('06_Test_Execution'!B3:B59,"Inventory") -> 10 | C26: =COUNTIFS('06_Test_Execution'!B3:B59,"Inventory",'06_Test_Execution'!D3:D59,"Pass") -> 0 | D26: =COUNTIFS('06_Test_Execution'!B3:B59,"Inventory",'06_Test_Execution'!D3:D59,"Fail") -> 0 | E26: =COUNTIFS('06_Test_Execution'!B3:B59,"Inventory",'06_Test_Execution'!D3:D59,"Blocked") -> 0 | F26: =COUNTIFS('06_Test_Execution'!B3:B59,"Inventory",'06_Test_Execution'!D3:D59,"Not Executed") -> 10 | G26: =IF(C25=0,0,C25/B25) -> 0
A27: Cart | B27: =COUNTIF('06_Test_Execution'!B3:B59,"Cart") -> 10 | C27: =COUNTIFS('06_Test_Execution'!B3:B59,"Cart",'06_Test_Execution'!D3:D59,"Pass") -> 0 | D27: =COUNTIFS('06_Test_Execution'!B3:B59,"Cart",'06_Test_Execution'!D3:D59,"Fail") -> 0 | E27: =COUNTIFS('06_Test_Execution'!B3:B59,"Cart",'06_Test_Execution'!D3:D59,"Blocked") -> 0 | F27: =COUNTIFS('06_Test_Execution'!B3:B59,"Cart",'06_Test_Execution'!D3:D59,"Not Executed") -> 10 | G27: =IF(C25=0,0,C25/B25) -> 0
A28: Checkout | B28: =COUNTIF('06_Test_Execution'!B3:B59,"Checkout") -> 10 | C28: =COUNTIFS('06_Test_Execution'!B3:B59,"Checkout",'06_Test_Execution'!D3:D59,"Pass") -> 0 | D28: =COUNTIFS('06_Test_Execution'!B3:B59,"Checkout",'06_Test_Execution'!D3:D59,"Fail") -> 0 | E28: =COUNTIFS('06_Test_Execution'!B3:B59,"Checkout",'06_Test_Execution'!D3:D59,"Blocked") -> 0 | F28: =COUNTIFS('06_Test_Execution'!B3:B59,"Checkout",'06_Test_Execution'!D3:D59,"Not Executed") -> 10 | G28: =IF(C25=0,0,C25/B25) -> 0
A29: Checkout Overview | B29: =COUNTIF('06_Test_Execution'!B3:B59,"Checkout Overview") -> 7 | C29: =COUNTIFS('06_Test_Execution'!B3:B59,"Checkout Overview",'06_Test_Execution'!D3:D59,"Pass") -> 0 | D29: =COUNTIFS('06_Test_Execution'!B3:B59,"Checkout Overview",'06_Test_Execution'!D3:D59,"Fail") -> 0 | E29: =COUNTIFS('06_Test_Execution'!B3:B59,"Checkout Overview",'06_Test_Execution'!D3:D59,"Blocked") -> 0 | F29: =COUNTIFS('06_Test_Execution'!B3:B59,"Checkout Overview",'06_Test_Execution'!D3:D59,"Not Executed") -> 7 | G29: =IF(C25=0,0,C25/B25) -> 0
A30: Order Completion | B30: =COUNTIF('06_Test_Execution'!B3:B59,"Order Completion") -> 3 | C30: =COUNTIFS('06_Test_Execution'!B3:B59,"Order Completion",'06_Test_Execution'!D3:D59,"Pass") -> 0 | D30: =COUNTIFS('06_Test_Execution'!B3:B59,"Order Completion",'06_Test_Execution'!D3:D59,"Fail") -> 0 | E30: =COUNTIFS('06_Test_Execution'!B3:B59,"Order Completion",'06_Test_Execution'!D3:D59,"Blocked") -> 0 | F30: =COUNTIFS('06_Test_Execution'!B3:B59,"Order Completion",'06_Test_Execution'!D3:D59,"Not Executed") -> 3 | G30: =IF(C25=0,0,C25/B25) -> 0
A31: Navigation | B31: =COUNTIF('06_Test_Execution'!B3:B59,"Navigation") -> 4 | C31: =COUNTIFS('06_Test_Execution'!B3:B59,"Navigation",'06_Test_Execution'!D3:D59,"Pass") -> 0 | D31: =COUNTIFS('06_Test_Execution'!B3:B59,"Navigation",'06_Test_Execution'!D3:D59,"Fail") -> 0 | E31: =COUNTIFS('06_Test_Execution'!B3:B59,"Navigation",'06_Test_Execution'!D3:D59,"Blocked") -> 0 | F31: =COUNTIFS('06_Test_Execution'!B3:B59,"Navigation",'06_Test_Execution'!D3:D59,"Not Executed") -> 4 | G31: =IF(C25=0,0,C25/B25) -> 0
A32: UI/Usability | B32: =COUNTIF('06_Test_Execution'!B3:B59,"UI/Usability") -> 3 | C32: =COUNTIFS('06_Test_Execution'!B3:B59,"UI/Usability",'06_Test_Execution'!D3:D59,"Pass") -> 0 | D32: =COUNTIFS('06_Test_Execution'!B3:B59,"UI/Usability",'06_Test_Execution'!D3:D59,"Fail") -> 0 | E32: =COUNTIFS('06_Test_Execution'!B3:B59,"UI/Usability",'06_Test_Execution'!D3:D59,"Blocked") -> 0 | F32: =COUNTIFS('06_Test_Execution'!B3:B59,"UI/Usability",'06_Test_Execution'!D3:D59,"Not Executed") -> 3 | G32: =IF(C25=0,0,C25/B25) -> 0

Sheet 09_RTM
A1: Requirements Traceability Matrix
A3: Feature/Requirement ID | B3: Requirement Description | C3: Scenario ID(s) | D3: Test Case ID(s) | E3: Execution Status | F3: Defect/Jira ID | G3: Coverage Status | H3: Remarks
A4: FR_LOGIN_01 | B4: Valid user can log in successfully. | C4: SC_LOGIN_001 | D4: TC_LOGIN_001 | E4: Not Executed | G4: Covered | H4: Update execution/defect fields after genuine testing.
A5: FR_LOGIN_02 | B5: Invalid credentials produce appropriate error handling. | C5: SC_LOGIN_002, SC_LOGIN_003 | D5: TC_LOGIN_002, TC_LOGIN_003, TC_LOGIN_008 | E5: Not Executed | G5: Covered | H5: Update execution/defect fields after genuine testing.
A6: FR_LOGIN_03 | B6: Locked user is prevented from logging in. | C6: SC_LOGIN_005 | D6: TC_LOGIN_007 | E6: Not Executed | G6: Covered | H6: Update execution/defect fields after genuine testing.
A7: FR_LOGIN_04 | B7: Blank username/password fields are validated. | C7: SC_LOGIN_004 | D7: TC_LOGIN_004, TC_LOGIN_005, TC_LOGIN_006 | E7: Not Executed | G7: Covered | H7: Update execution/defect fields after genuine testing.
A8: FR_LOGIN_05 | B8: Logout and session behavior work correctly. | C8: SC_LOGIN_006 | D8: TC_LOGIN_009, TC_LOGIN_010 | E8: Not Executed | G8: Covered | H8: Update execution/defect fields after genuine testing.
A9: FR_INV_01 | B9: Product listing is displayed. | C9: SC_INV_001 | D9: TC_INV_001, TC_INV_010 | E9: Not Executed | G9: Covered | H9: Update execution/defect fields after genuine testing.
A10: FR_INV_02 | B10: Product information, price and image are displayed. | C10: SC_INV_002 | D10: TC_INV_002 | E10: Not Executed | G10: Covered | H10: Update execution/defect fields after genuine testing.
A11: FR_INV_03 | B11: Product sorting works correctly. | C11: SC_INV_003 | D11: TC_INV_003, TC_INV_004, TC_INV_005, TC_INV_006 | E11: Not Executed | G11: Covered | H11: Update execution/defect fields after genuine testing.
A12: FR_INV_04 | B12: Product-detail navigation works. | C12: SC_INV_004 | D12: TC_INV_007, TC_INV_008 | E12: Not Executed | G12: Covered | H12: Update execution/defect fields after genuine testing.
A13: FR_CART_01 | B13: User can add a product to cart. | C13: SC_CART_001 | D13: TC_CART_001 | E13: Not Executed | G13: Covered | H13: Update execution/defect fields after genuine testing.
A14: FR_CART_02 | B14: User can remove a product from cart. | C14: SC_CART_002 | D14: TC_CART_003, TC_CART_008 | E14: Not Executed | G14: Covered | H14: Update execution/defect fields after genuine testing.
A15: FR_CART_03 | B15: Cart badge/count reflects selected items. | D15: TC_CART_002, TC_CART_009 | E15: Not Executed | G15: Covered | H15: Update execution/defect fields after genuine testing.
A16: FR_CART_04 | B16: Multiple products can be selected and validated in cart. | C16: SC_CART_003, SC_CART_005 | D16: TC_CART_004, TC_CART_005, TC_CART_006 | E16: Not Executed | G16: Covered | H16: Update execution/defect fields after genuine testing.
A17: FR_CART_05 | B17: Continue Shopping returns to inventory. | C17: SC_CART_004 | D17: TC_CART_007 | E17: Not Executed | G17: Covered | H17: Update execution/defect fields after genuine testing.
A18: FR_CHECK_01 | B18: First name, last name and postal code are accepted when valid. | C18: SC_CHECK_001 | D18: TC_CHECK_001, TC_CHECK_002 | E18: Not Executed | G18: Covered | H18: Update execution/defect fields after genuine testing.
A19: FR_CHECK_02 | B19: Mandatory checkout fields are validated when blank. | C19: SC_CHECK_002, SC_CHECK_003, SC_CHECK_004 | D19: TC_CHECK_003, TC_CHECK_004, TC_CHECK_005, TC_CHECK_006 | E19: Not Executed | G19: Covered | H19: Update execution/defect fields after genuine testing.
A20: FR_CHECK_03 | B20: Invalid/boundary checkout data is handled appropriately. | C20: SC_CHECK_005 | D20: TC_CHECK_007, TC_CHECK_008, TC_CHECK_009, TC_CHECK_010 | E20: Not Executed | G20: Covered | H20: Update execution/defect fields after genuine testing.
A21: FR_OVERVIEW_01 | B21: Selected products and prices are shown correctly. | C21: SC_OVERVIEW_001 | D21: TC_OVERVIEW_001, TC_OVERVIEW_002 | E21: Not Executed | G21: Covered | H21: Update execution/defect fields after genuine testing.
A22: FR_OVERVIEW_02 | B22: Subtotal, tax and total are calculated/displayed. | C22: SC_OVERVIEW_002 | D22: TC_OVERVIEW_003, TC_OVERVIEW_004, TC_OVERVIEW_005 | E22: Not Executed | G22: Covered | H22: Update execution/defect fields after genuine testing.
A23: FR_OVERVIEW_03 | B23: Cancel and Finish actions work correctly. | C23: SC_OVERVIEW_003 | D23: TC_OVERVIEW_006, TC_OVERVIEW_007 | E23: Not Executed | G23: Covered | H23: Update execution/defect fields after genuine testing.
A24: FR_ORDER_01 | B24: Successful order shows confirmation/completion message. | C24: SC_ORDER_001 | D24: TC_ORDER_001, TC_ORDER_003 | E24: Not Executed | G24: Covered | H24: Update execution/defect fields after genuine testing.
A25: FR_ORDER_02 | B25: Post-order navigation behaves correctly. | D25: TC_ORDER_002 | E25: Not Executed | G25: Covered | H25: Update execution/defect fields after genuine testing.
A26: FR_NAV_01 | B26: Menu opens/closes and All Items navigation works. | C26: SC_NAV_001 | D26: TC_NAV_001, TC_NAV_002 | E26: Not Executed | G26: Covered | H26: Update execution/defect fields after genuine testing.
A27: FR_NAV_02 | B27: About/Reset App State/Logout behave as applicable. | D27: TC_CART_010, TC_NAV_003, TC_NAV_004 | E27: Not Executed | G27: Covered | H27: Update execution/defect fields after genuine testing.
A28: FR_UI_01 | B28: Basic layout, labels, messages and navigation are consistent. | D28: TC_INV_009, TC_NAV_005, TC_UI_001, TC_UI_002 | E28: Not Executed | G28: Covered | H28: Update execution/defect fields after genuine testing.

Sheet 10_Jira_Evidence
A1: Jira Evidence Checklist
A3: Evidence ID | B3: Evidence Item | C3: What to Capture | D3: Status | E3: File Name / Link
A4: JE_001 | B4: Jira Project | C4: Project page showing the SauceDemo testing project. | D4: Not Started
A5: JE_002 | B5: Test Tracking | C5: Jira work items/components/labels showing testing activities, if used. | D5: Not Started
A6: JE_003 | B6: Defect Record | C6: Each genuine defect with Summary, Module, Environment, Preconditions, Steps, Actual, Expected, Severity and Priority. | D6: Not Started
A7: JE_004 | B7: Defect Evidence | C7: Readable screenshot or proof attached to each genuine defect. | D7: Not Started
A8: JE_005 | B8: Test Case Reference | C8: Jira defect linked/referenced from the failed test case and RTM. | D8: Not Started
A9: JE_006 | B9: Jira Filter/View | C9: At least one useful filter/view for defects or testing status. | D9: Not Started
A10: JE_007 | B10: Export/Screenshot | C10: Relevant Jira screenshots/exports saved under 08-Jira-Evidence in GitHub. | D10: Not Started

Sheet 11_GitHub_Structure
A1: GitHub Repository Structure & Commit Plan
A3: Path | B3: Required Content | C3: Purpose | D3: Status
A4: saucedemo-manual-testing-project/ | B4: Root repository | C4: Professional final repository. | D4: Not Started
A5: README.md | B5: Overview, URL, scope, tools, document index, execution summary and Jira note. | C5: Trainer-facing project overview. | D5: Not Started
A6: 01-Test-Plan/ | B6: Final Test Plan | C6: Store final test plan. | D6: Not Started
A7: 02-Test-Scenarios/ | B7: Test Scenario workbook/document | C7: Store scenarios. | D7: Not Started
A8: 03-Test-Cases/ | B8: Detailed Test Case workbook | C8: Store detailed test cases. | D8: Not Started
A9: 04-Test-Data/ | B9: Test Data | C9: Reusable test data. | D9: Not Started
A10: 05-Execution-Report/ | B10: Final Test Execution Report | C10: Final execution summary. | D10: Not Started
A11: 06-Defect-Report/ | B11: Defect report/export and evidence | C11: Genuine Jira defects and evidence. | D11: Not Started
A12: 07-RTM/ | B12: Requirements Traceability Matrix | C12: Traceability from requirements to execution/defects. | D12: Not Started
A13: 08-Jira-Evidence/ | B13: Jira screenshots/exports | C13: Evidence of Jira tracking/defect management. | D13: Not Started
A14: 09-Test-Evidence/ | B14: Relevant manual execution evidence | C14: Readable execution screenshots/proof. | D14: Not Started

Sheet 12_README_Template
A1: README.md Content Template
A3: Section | B3: Content
A4: Project Title | B4: SauceDemo Manual Testing Project
A5: Application | B5: SauceDemo / Swag Labs
A6: URL | B6: https://www.saucedemo.com/
A7: Project Type | B7: End-to-End Manual QA / Functional Testing
A8: Objective | B8: Validate the in-scope SauceDemo modules through manual testing and document scenarios, test cases, test data, execution, defects, RTM and evidence.
A9: Tools | B9: Browser, Excel/Google Sheets, Jira, Git and GitHub.
A10: Scope | B10: Login, Inventory, Cart, Checkout Customer Information, Checkout Overview, Order Completion, Menu/Navigation and basic UI/Usability.
A11: Artifacts | B11: 01-Test-Plan; 02-Test-Scenarios; 03-Test-Cases; 04-Test-Data; 05-Execution-Report; 06-Defect-Report; 07-RTM; 08-Jira-Evidence; 09-Test-Evidence.
A12: Execution Summary | B12: Update after genuine execution: planned, executed, passed, failed, blocked, not executed and pass percentage.
A13: Defects | B13: Only genuine defects observed during execution are to be logged in Jira and referenced here.
A14: Jira | B14: Add the final Jira project/board/filter information and evidence location.
A15: Repository Note | B15: Keep main branch clean, use meaningful commits, and do not commit secrets, credentials or confidential data.

Sheet 13_Git_Commits
A1: Meaningful Git Commit Plan
A3: No. | B3: Suggested Commit Message | C3: Content | D3: Status
A4: 1 | B4: docs: add project test plan | C4: Add finalized SauceDemo test plan. | D4: Not Started
A5: 2 | B5: test: add test scenarios | C5: Add meaningful test scenarios. | D5: Not Started
A6: 3 | B6: test: add detailed test cases | C6: Add detailed manual test cases. | D6: Not Started
A7: 4 | B7: testdata: add reusable test data | C7: Add valid, invalid, blank and boundary data. | D7: Not Started
A8: 5 | B8: test: add execution results | C8: Commit genuinely executed results and evidence references. | D8: Not Started
A9: 6 | B9: qa: add defect report | C9: Add genuine Jira defect report/evidence. | D9: Not Started
A10: 7 | B10: qa: add rtm | C10: Add completed requirements traceability matrix. | D10: Not Started
A11: 8 | B11: docs: add execution report | C11: Add final execution report. | D11: Not Started
A12: 9 | B12: docs: add jira evidence | C12: Add Jira screenshots/exports. | D12: Not Started
A13: 10 | B13: docs: update readme | C13: Update README with final summary and repository index. | D13: Not Started

Sheet 14_File_Naming
A1: Assignment File Naming Standard
A3: Artifact | B3: Suggested File Name | C3: GitHub Folder
A4: Test Plan | B4: SauceDemo_Test_Plan.pdf or .docx | C4: 01-Test-Plan/
A5: Test Scenarios | B5: SauceDemo_Test_Scenarios.xlsx | C5: 02-Test-Scenarios/
A6: Test Cases | B6: SauceDemo_Test_Cases.xlsx | C6: 03-Test-Cases/
A7: Test Data | B7: SauceDemo_Test_Data.xlsx | C7: 04-Test-Data/
A8: Execution Report | B8: SauceDemo_Test_Execution_Report.pdf or .docx | C8: 05-Execution-Report/
A9: Defect Report | B9: SauceDemo_Defect_Report.xlsx | C9: 06-Defect-Report/
A10: RTM | B10: SauceDemo_RTM.xlsx | C10: 07-RTM/

Sheet 15_Submission
A1: Submission & Mock / Review Information
A3: Requirement | B3: Instruction
A4: Project Submission Deadline | B4: Submit complete assignment on or before 5 September 2026.
A5: Submission Method | B5: Submit final GitHub repository link in Google Classroom; attach additional documents only if instructed by trainer.
A6: Completeness | B6: All mandatory deliverables must be completed.
A7: Original Work | B7: Do not copy/paste another student's/public/AI-generated repository without your own analysis and validation. You must understand and explain the submitted work.
A8: Project Mock / Review | B8: 6 September 2026.
A9: Reporting Time | B9: 3:30 PM on 6 September 2026.
A10: Readiness | B10: Keep complete project, Jira records and GitHub repository ready for review.
A11: Student Name | B11: ________________________________________
A12: GitHub Repository Link | B12: ________________________________________
A13: Submission Date | B13: ________________________________________
